T,R,returnCode,area,numCAT,adjPMean,c,d_a,
 1,   1,   0,     0.8699226270,   5,     0.8699226270,    -0.2898742992,     1.5702024913
 1,   2,   0,     0.8948536765,   4,     0.8948536765,    -0.2546094563,     1.7670435407
 1,   3,   0,     0.8782921411,   5,     0.8782921411,    -0.1354152360,     1.6496683288
 1,   4,   0,     0.8378661974,   5,     0.8378661974,    -0.1350382395,     1.3939961715
 2,   1,   0,     0.8615426988,   5,     0.8615426988,    -0.2161459821,     1.5345870268
 2,   2,   0,     0.8706399792,   4,     0.8706399792,    -0.1199651486,     1.5972432890
 2,   3,   0,     0.8541372357,   5,     0.8541372357,    -0.3551935737,     1.4018071886
 2,   4,   0,     0.8252824271,   5,     0.8252824271,    -0.4420006829,     0.9836614513
