T,R,returnCode,area,numCAT,adjPMean,c,d_a,
 1,   1,   6,     0.7743430574,   5,     0.7743430574,    -0.4597555579,     0.0000569477
 1,   2,   6,     0.7792294464,   5,     0.7792294464,    -0.4690866071,     0.0001127207
 1,   3,   6,     0.7502220224,   5,     0.7502220224,    -0.4146220842,     0.0000853212
 1,   4,   0,     0.8056795912,   5,     0.8056795912,    -0.0390947491,     1.2191721127
 2,   1,   6,     0.6719360034,   5,     0.6719360034,    -0.2768402847,     0.0000453131
 2,   2,   6,     0.6724122772,   5,     0.6724122772,    -0.2776459176,     0.0000619451
 2,   3,   0,     0.6483028809,   5,     0.6483028809,    -0.1320027442,     0.5078614403
 2,   4,   6,     0.6993169672,   5,     0.6993169672,    -0.3237337928,     0.0000091275
